usdot_number,prefix,docket_number,legal_name,dba_name,city,state
2590153,MC,1396854,2 RIOS MOBILE REPAIR LLC,,BRIGHTON,CO
2971705,MC,846204,2 TM LIMO SERVICE LLC,,AURORA,CO
3864216,MC,1412595,"2.A EXPRESS, LLC",,AURORA,CO
,FF,34880,2020 EXCAVATING LLC,,GYPSUM,CO
3480176,MC,1141899,2020 TRANSPORT LLC,,THORNTON,CO
3427381,MC,1136162,2020 TRUCKING LLC,,DENVER,CO
3168920,MC,116683,21 TRANSPORTATION LLC,,KERSEY,CO
3961106,MC,1477252,24 7 QUALITY SERVICES LLC,,RIFLE,CO
2470481,MC,855560,24 7 RUSH INC.,,LONGMONT,CO
3075613,MC,1332337,24 HOUR DENVER TOWING CORP,,AURORA,CO
3673762,MC,1275315,24 HOUR FREIGHT LLP,,HGHLNDS RANCH,CO
4039227,MC,1528055,247 OPERATIONS INC,,STEAMBOAT SPR,CO
3224957,MC,1010010,247 QUALITY SERVICES TRUCKING LLC,,RIFLE,CO
4033402OOS,MC,1524414,25-8 LLC,,PARKER,CO
1787299,MC,651152,285 MOUNTAIN TOWING INC,,MORRISON,CO
2595925,MC,971090,29 TRUCKING LLC,,GREELEY,CO
3572278,MC,1233524,2D TRUCKING LLC,,WRAY,CO
3879669,MC,1423091,2JA TRUCKING LLC,,WALDEN,CO
2892884,MC,971878,2K TRANSPORTATION LLC,,DENVER,CO
1762599,MC,644246,2K TRANSPORTATION LLC,,GREELEY,CO
3428785,MC,1110332,2KLA LLC,2KLA TRUCKING,COLORADO SPRINGS,CO
,MC,934054,"2L LOGISTICS, INC.",,FLORENCE,CO
2304689,MC,787145,2M TRANSPORT INC,,MACK,CO
3220263,MC,1007666,2M TRUCKING LLC,,LAMAR,CO
2798704,MC,934647,2ND CHANCE TRUCKING LLC,,COMMERCE CITY,CO
3433319,MC,1113038,2ND CHASE LLC,,COLORADO SPGS,CO
3387094OOS,MC,1087997,2TWENTY-TWO LOGISTICS LLC,,AURORA,CO
3602357,MC,1304174,2XL TRANSPORTATION,,GILCREST,CO
3377189,MC,1295709,2XROUND LLC,,ARVADA,CO
,FF,22044,3 16 TRUCKING LLC,,DENVER,CO
645219,MC,314034,3 BARS W LLC,,GREELEY,CO
3470814,MC,1135987,3 BEES TRANSPORTATION LLC,,FREDERICK,CO
3795616,MC,1364176,3 BOYS TRUCKING LLC,,BRIGHTON,CO
3146372,MC,1037437,3 CORNERS OILFIELD SERVICES LLC,,PLATTEVILLE,CO
3991889,MC,1497779,"3 DON-KEEZ DESIGNS, LLC",THREE DON KEEZ TRANSPORT 3 DON KEEZ TRANSPORTATION,COLORADO SPRINGS,CO
2971714,MC,891811,3 FELLAS LLC,COLORADO CORPORATE CAR SERVICE,LAKEWOOD,CO
4102495,MC,1565203,3 HARTS LLC,,EATON,CO
3893152,MC,1431949,3 IN 1 LLC,SUNFLOWER MOVING,CRAIG,CO
3845706,MC,1429294,3 IN 1 TRUCKING LLC,,ALAMOSA,CO
,MC,1061802,3 LOCKBOX LLC,,THORNTON,CO
,FF,17085,3 LOCKBOX LLC,,DENVER,CO
,MC,1360697,3 PEAKS LOGISTICS LLC,,LITTLETON,CO
,FF,26564,3 SONS TRUCKING,,CENTENNIAL,CO
3859142,MC,1409185,3 SPEED TRANSPORTATION LLC,,THORNTON,CO
3981979,MC,1494363,3 VALLES TRUCKING LLC,,DENVER,CO
2214161,MC,209106,"3-D TRANSPORTATION SERVICE, INC.",,COMMERCE CITY,CO
,FF,30412,303 AUTO TRANSPORT LLC,303 AUTO TRANSPORT,ENGLEWOOD,CO
2784624,MC,927811,303 BRONCOS' LIMO LLC,,PARKER,CO
3947056OOS,MC,1468551,303 CARGO TRANSPORT LLC,,AURORA,CO
2403910,MC,828848,303 DENVER LIMOUSINE LLC,,AURORA,CO
2443664,MC,846422,303 EDEN LIMO SERVICE LLC,,AURORA,CO
3284643,MC,1039096,303 HOTSHOT LLC,TRANSPORTATION,ERIE,CO
3526371,MC,1172327,303 LOGISTICS,,AURORA,CO
3151328,MC,105026,303 LOGISTICS LLC,,WESTMINSTER,CO
,MC,873738,303 MOUNTAIN LIMO LLC,,AURORA,CO
,MC,933609,303 PARTY BUS LLC,,DENVER,CO
4145037,MC,1352967,303 TRANSPORT INC,,PARKER,CO
4220657,MC,1631307,303 TRANSPORTATION LLC,,AURORA,CO
3418923,MC,1104644,303 TRANSPORTATIONS LLC,,THORNTON,CO
3321988,MC,1057242,303 TRANSPORTING LLC,,THORNTON,CO
2318325,MC,88206,303LIMOVAN LLC,303 LIMO BUS 303 BREW BUS,LONGMONT,CO
3341120,MC,1066426,303TRANSPORTATION LLC,,JOHNSTOWN,CO
3694441,MC,1290168,303UNIQUE TRUCKING LLC,,THORNTON,CO
3997210,MC,1501300,316 TRANSPORTATION LLC,,GREELEY,CO
3855824,MC,1406942,316 TRANSPORTATION LLC,,DENVER,CO
2794526,MC,1543356,318 TRUCKING LLC,,DENVER,CO
1923642,MC,688134,"357 TRANSPORT, INC.",,WHITEWATER,CO
2921650,MC,985393,35D MAJESTIC MOVERS LLC,MAJESTIC MOUNTAIN MOVERS,SILVERTHORNE,CO
3768450OOS,MC,1344354,360 ENTERPRISE LLC,,COLORADO SPGS,CO
4064733,MC,1542997,360 INSTALLS LLC,,AURORA,CO
4180020,MC,1609191,360 PROSOLUTIONS LLC,,ENGLEWOOD,CO
3021084,MC,34398,"360 RAIL SERVICES, LLC",,80111 GREENWOOD VILLAGE,CO
3350506,MC,1071085,360 TRANSPORT INC,,LOVELAND,CO
4123425,MC,1577503,365 GREENHOUSE,,COLORADO SPGS,CO
,MC,729673,365 TRUCKING LLC,,DEER TRAIL,CO
3699933,MC,1294173,3940 EXPRESS SERVICES LLC,,DENVER,CO
,MC,910504,"3B ENTERPRISES, LLC",,CRAIG,CO
3274262,MC,1034173,3C LOGISTICS LLC,,KERSEY,CO
3274262,MC,1998,3C LOGISTICS LLC,,KERSEY,CO
,FF,32205,3C LOGISTICS LLC,,KERSEY,CO
4157199,MC,1596990,3D DIRTWORKS LLC,,DELTA,CO
1095825OOS,MC,546412,3D SOLUTIONS LLC,,COLORODO SPRINGS,CO
1493518OOS,MC,738590,3D'S MACHINE-N-WELDING INC,,GARDEN CITY,CO
3376703OOS,MC,1083210,3G TRANSPORTATION SERVICES LLC,,GRAND JCT,CO
3325031,MC,1070036,3GT FARMS,,HOLLY,CO
,MC,1601125,3HE LOGISTIC LLC,,DENVER,CO
3533712,MC,1177335,3J TRUCKING LLC,,JOHNSTOWN,CO
3473707OOS,MC,1178112,3P TRUCKING LTD,,PENROSE,CO
,FF,40854,3P TRUCKING LTD,,PENROSE,CO
2239474,MC,607126,"3PL MANAGEMENT, LLC",,CO SPRINGS,CO
3773016,MC,1347682,3PS TRUCKING LLC,,GILL,CO
3418745,MC,1104541,3RD DAY MOTORSPORTS INC,3RD DAY MOTORSPORTS,DENVER,CO
4221378,MC,1631727,3W ENTERPRISES LLC,,IGNACIO,CO
1935928,MC,690932,4 A'S TRUCKING LLC,,LAMAR,CO
3785709,MC,1356856,4 BEN TRUCKING,,AURORA,CO
2542712,MC,884849,4 C UNITED LLC,,AURORA,CO
3636164,MC,1610365,4 CORNER DELIVERS,,DENVER,CO
,MC,1247694,4 CORNER DELIVERS LLC,,DENVER,CO
,FF,13580,4 CORNERS FENCING,,SNOWMASS,CO
2261319,MC,772157,4 ENERGY HOTSHOT SERVICES LLC,HOT SHOT CARRIER,CRAIG,CO
3168287,MC,116199,4 HORSE TRUCKING LLC,,EATON,CO
725541,MC,332971,"4 L TRUCKING, LLC",,PUEBLO,CO
3993300,MC,1584448,4 MORRIS TRUCKING LLC,,BRIGGSDALE,CO
2042323,MC,952088,4 N FARMS TRUCKING,,BAYFIELD,CO
3647682,MC,1256094,4 POINT LOGISTICS LLC,,COLORADO SPGS,CO
437454,MC,504952,"4 RIVERS EQUIPMENT, LLC",,GREELEY,CO
3495504,MC,1151884,4 SEASONS TRANSPORT LLC,,DENVER,CO
1847198,MC,669025,"4 U EXPRESS, LLC",,GREELEY,CO
2891108,MC,1088195,4 WAY TRUCKING LLC,,KIT CARSON,CO
3768220,MC,1344204,4 WHEELS TRANSPORTATION LLC,,LONGMONT,CO
,MC,557774,4-S TRUCKING LLC,,LA JUNTA,CO
2309272,MC,805852,401 TRUCKING LLC,,OTIS,CO
3384414,MC,1086741,406 FREIGHT LLC,,TRINIDAD,CO
4102706,MC,1565327,413 TRUCKING LLC,,CENTER,CO
3159917,MC,110133,424 INDUSTRIES LLC,,GREELEY,CO
1269912,MC,496217,45 BAR TRANSPORT INC,,FORT COLLINS,CO
3090689,MC,72040,"4640 SERVICES, LLC",,GRAND JCT,CO
1791759,MC,652360,49 SQUARE VENTURES LLC,49 SQUARE TRUCKING,MANCOS,CO
3803862,MC,1370165,4AM TRUCKING LLC,,DACONO,CO
1203094,MC,727958,4C LLC,,AURORA,CO
2288748,MC,782781,4D TRUCKING LLC,,GREENWOOD VILLAGE,CO
2588037,MC,907359,4G TRUCKING LLC,,WINDSOR,CO
3044688,MC,99433,4K TRUCKING LLC,,LOVELAND,CO
3845431,MC,1433904,4KINGS TRANSPORT,,GREELEY,CO
,MC,1478434,4M TRUCKING LLC,,EVANS,CO
3903863,MC,1439012,4MZ FREIGHT LLC,4MZ FREIGHT,DENVER,CO
675812,MC,323259,"4R EXPRESS, INC.",,FORT MORGAN,CO
3084456,MC,68521,4TH DIMENSION LOGISTICS LLC,,LAFAYETTE,CO
2481252,MC,858698,4TH GENERATION TRANSPORTATION AND REPAIR INC,,WIGGINS,CO
3343575,MC,1188543,4TH T TRUCKING LLC,,LA SALLE,CO
759151,MC,478259,4W'S MOVING LLC,,PEYTON,CO
1844315,MC,862058,"4X INDUSTRIAL, LLC",,GILL,CO
2801445,MC,1435240,5 D LLC,,LA JUNTA,CO
3792016,MC,1361488,5 H TRUCKING LLC,,GREELEY,CO
625078,MC,298437,5 HILLS CARRIERS INC.,,LONGMONT,CO
2345289,MC,799486,5 LOGISTICS LLC,5 LOGISTICS,DENVER,CO
2345289,FF,11389,5 LOGISTICS LLC,5 LOGISTICS,DENVER,CO
3296946,FF,34767,5 LOGISTICS LTD,,DENVER,CO
3296946,MC,1064433,5 LOGISTICS LTD,,DENVER,CO
,MC,1473796,5 R HAUL OFF LLC,,CORTEZ,CO
3898507,MC,1435443,5 SEVEN ENTERPRISES LTD.,,DENVER,CO
4148021,FF,62037,5 STAR EXPRESS LLC,,AURORA,CO
4148021,MC,1591795,5 STAR EXPRESS LLC,,AURORA,CO
,MC,1481604,5 STAR QUALITY HVAC,5 STAR SERVICES,AURORA,CO
3967596,MC,1481613,5 STAR QUALITY HVAC LLC,5 STAR SERVICES,AURORA,CO
3772151,MC,1347038,5 STAR TRANSPORT LLC,,DENVER,CO
3688949,MC,1286179,5 STAR TRANSPORTATION LLC,,BYERS,CO
3630379,MC,1277378,5 TRUCKING LLC,,LAKEWOOD,CO
3213525,MC,1004060,5'S TRUCKING LLC,,DENVER,CO
701133,MC,324498,5-L  CORPORATION,,BRIGHTON,CO
2901116,MC,975907,5-LION INC,,THORNTON,CO
1358905,MC,730146,5-PACK ENTERPRISE LLC,,GOLDEN,CO
3826328OOS,MC,1386411,5061 LOGISTICS LLC,,AURORA,CO
236652,MC,991855,50TH STREET PARTNERS LLC,STUDENT MOVERS,AURORA,CO
3031899,MC,54461,51 FIFTY SOLUTIONS INC,,BRIGGSDALE,CO
3329147,MC,1060585,5150 HAULING,,LOVELAND,CO
,FF,34509,5150 HAULING,,LOVELAND,CO
3617830,MC,1234671,5150 LOGISTICS LLC,,GREELEY,CO
3661323,MC,1265958,5150 TRANSPORT INC,,WRAY,CO
1869648,MC,683756,5150 TRANSPORT LLC,,FOUNTAIN,CO
2790987,MC,930945,519 ENTERPRISES LLC,,AUSTIN,CO
3571506,MC,1203220,5280 ALL STAR TRANSPORTATION LLC,5280 ALL STARS,DENVER,CO
3101838,MC,77817,5280 AUTO TRANSPORT,,GOLDEN,CO
2439395,MC,841629,5280 DISTRIBUTION LTD LIABILTY CO,,DENVER,CO
2921018,MC,985081,5280 DISTRIBUTION LTD LLC,,WHEAT RIDGE,CO
3667359,MC,1270316,5280 GUARANTEED SERVICES LLC,,DENVER,CO
3934655,MC,1459424,5280 HAULING LLC,,DENVER,CO
2996353,MC,21703,5280 HOT SHOTS & TRANSPORTATION,5280 HOT SHOTS & TRANSPORTATION,DENVER,CO
3748883,FF,58857,5280 LOCKSMITH LLC,,AURORA,CO
3748883,MC,1642260,5280 LOCKSMITH LLC,,AURORA,CO
3550386,MC,1188834,5280 LOGISTICS LLC,,DENVER,CO
3075485,MC,92511,5280 LOGISTICS LTD,,PARKER,CO
2880770,MC,136290,5280 S SERVICES LLC,,80645 LASALLE,CO
,FF,26629,5280 SWEEPING & CONSTRUCTION SUPPORT SERVICES LLC,5280 SWEEPING,DENVER,CO
2003267,MC,717661,5280 TOWING LLC,,80602 BRIGHTON,CO
2400376,MC,825525,5280 TRANSPORT LLC,,MORRISON,CO
3178275,MC,124097,5280 TRANSPORTATION,5280 FREIGHT,JOHNSTOWN,CO
3300027,MC,1046535,5280 TRANSPORTATION AND LOGISTICS LLC,UNPLUGGED BACKCOUNTRY ADVENTURES,DENVER,CO
2540692,MC,883923,5280 TRANSPORTATION LLC,,LITTLETON,CO
,FF,30569,5280 TRANSPORTATION LLC,,LITTLETON,CO
3235241,MC,1015114,5280 TRANSPORTATION LLC,,LITTLETON,CO
,MC,1088531,5280 TRANSPORTS LLC,5280 TRANSPORTS,DENVER,CO
3088119OOS,MC,70401,5280 TRUCKING LLLP,5280 TRUCKING,DENVER,CO
,FF,46889,5280 TUNING AND LOGISTICS LLC,5280 LOGISTICS,ELIZABETH,CO
3589380,MC,1215215,5280 TUNING AND LOGISTICS LLC,5280 LOGISTICS,ELIZABETH,CO
2931451,MC,67472,5280 VIP XPRESS AND/OR I-70 XPRESS,"5280 VIP TRANSPORTION, VIP XPRESS",JOHNSTOWN,CO
1733357,MC,635002,53 INC,MILE HIGH PLAY SYSTEMS,FT COLLINS,CO
3138720,MC,97729,54 TRUCKING LLC,,LAKEWOOD,CO
,MC,980418,5C CATTLE CO LLC,,YELLOW JACKET,CO
3992209,MC,1497983,5IVESTX TRANSPORT & LOGISTICS LLC,,AURORA,CO
3844382,MC,1399167,5M TOWING LLC,,THORNTON,CO
3809937,MC,1416444,5M-TURNER LTD,,AURORA,CO
,FF,39800,5R FARM & TRUCKING LLC,,DOVE CREEK,CO
3452997,MC,1124716,5R FARM & TRUCKING LLC,,CAHONE,CO
3112361,MC,83361,5S EXPRESS LLC,,MERINO,CO
1682589OOS,MC,618277,5TH ELEMENT COACH SERVICES INC,,DENVER,CO
2408569,MC,830412,6 UP TRUCKING LLC,,PENROSE,CO
4169620,MC,1603551,633 CONSTRUCTION LCC,"633 CONSTRUCTION SERVICES|633 CONSTRUCTION",COLORADO SPRINGS,CO
,MC,1205976,651 PROPERTIES LLC,,LOVELAND,CO
,MC,915220,655 COMPANY LLC,655 COATINGS,COLORADO SPRINGS,CO
1979582,MC,701433,67TH INC,67TH LOGISTICS INC,DENVER,CO
3417304,MC,1103664,6C TRUCKING LLC,,SEVERANCE,CO
3417304,FF,38120,6C TRUCKING LLC,,SEVERANCE,CO
4140718,MC,1587537,6FOOT TRANSPORT LLC,,DENVER,CO
1426565,MC,583104,"6G TRUCKING, LLC",,BRUSH,CO
3903108,MC,1438519,7 C TRANSPORTS LLC,,MEAD,CO
1699213,MC,623773,7 C'S TRANSPORTATION LLC,,CANON CITY,CO
2781522,MC,926264,7 CARS TRANSPORT LLC,,AURORA,CO
2781522,MC,1473537,7 CARS TRANSPORT LLC,,AURORA,CO
3339158,MC,1065454,"7 DAYS TRANSPORT, LLC",,COMMERCE CITY,CO
637298,MC,479860,"7 HILLS TRUCKING, INC.",,LITTLETON,CO
4108935,MC,1597632,7 MULE WAGON LLC,,RIFLE,CO
3894239,MC,1432675,7 SKY LOGISTICS LLC,,DENVER,CO
843684,MC,375601,"7-S TRANSPORTATION, LLC.",,LUCERNE,CO
3246461,MC,1010409,70 WEST TRUCKING LLC,,PARKER,CO
1021980,MC,582876,707 LIVESTOCK & TRANSPORT INC,,PENROSE,CO
3365086,MC,1078222,710 LOGISTICS LLC,,GREELEY,CO
3843527,MC,1398557,718 TRUCKING LLC,,AURORA,CO
2522482,MC,875834,720 TRUCKING LLC,,HENDERSON,CO
3611100,MC,1230043,7230 HAULING LLC,,DENVER,CO
,FF,25253,727 TRUCKING LLC,,COMMERCE CITY,CO
3114618,MC,102640,727 TRUCKING LLC,,COMMERCE CITY,CO
3556023,FF,45095,780 AUTOMOTIVE LLC,,THORNTON,CO
2221419,MC,256634,7WOB INC.,BLUE BOLT XPRESS,COLORADO SPRINGS,CO
524960,MC,264270,7WOB INC.,BLUE BOLT TRANSPORT,COLORADO SPRINGS,CO
3594751,MC,1218894,8 STARS TRANSPORT,,GREELEY,CO
4207253,MC,1624086,80DEUCE DELIVERY LLC,,ERIE,CO
3967595OOS,MC,1481612,80ST LOGISTICS LLC,,NORTHGLENN,CO
3910011,MC,1443034,8750 TRANSPORT LLC,,MONTROSE,CO
2927895,MC,1167844,9 EAGLES LLC,,LOVELAND,CO
3616019OOS,MC,1233450,9 IRON EQUINE TRANSPORT LLC,,STERLING,CO
3433817,MC,1113321,9-LYNES LOGISTICS & TRANSPORTATION LLC,,MANITOU SPGS,CO
,FF,38893,9-LYNES LOGISTICS & TRANSPORTATION LLC,,MANITOU SPGS,CO
3005087,MC,1394367,96 TRUCKING LLC,,BRIGHTON,CO
3327419,MC,1059796,970 TRANSPORT AND SERVICE LLC,,MANCOS,CO
,FF,38029,970 TRUCKING,970 TRUCKING,GYPSUM,CO
,MC,1102565,970 TRUCKING,970 TRUCKING,GYPSUM,CO
3729236,MC,1315755,98 TRANSPORT LLC,,EVANS,CO
3571633,MC,1203305,A  R  LOGISTICS LLC,,NORTHGLENN,CO
,MC,1457671,A & A BROTHERS TRUCKING LLC,,LAKEWOOD,CO
502211,MC,258372,"A & A CHARTERS, INC.",,LITTLETON,CO
2231667,MC,474899,"A & A LOGISTICS, LLC",,THORNTON,CO
,FF,37008,A & A TRANSPORT LLC,,AURORA,CO
3391879OOS,MC,1141925,A & A TRANSPORT LLC,,AURORA,CO
235258,MC,121234,"A & A TRUCK LINES, INC.",,COLORADO SPRINGS,CO
3591506,MC,1305551,A & A TRUCKING,,STERLING,CO
3496833,MC,1197267,A & A TRUCKING LIMITED,,COMMERCE CITY,CO
1527144,MC,715123,A & A TRUCKING LLC,,LASALLE,CO
3054051,MC,1368273,A & A TRUCKING LLC,,LAMAR,CO
2210357,MC,767574,A & A TRUCKING LLC,,DENVER,CO
3263705OOS,MC,1029237,A & B MOVING AND DELIVERY INC,,THORNTON,CO
3460357,MC,1129299,A & B TRANSPORT INC,,AURORA,CO
3789997OOS,MC,1360024,A & B TRUCKING & TRANSPORT LLC,,THORNTON,CO
,FF,35855,A & C TRANSPORTATION,A AND C TRANSPORTATION,DENVER,CO
3361499,MC,1076548,A & C TRANSPORTATION LLC,,DENVER,CO
2596671,MC,911534,A & D ENTERPRISES LLC,A & D TRANSPORTATION,DENVER,CO
837988,MC,601531,A & D ENTERPRIZE LLC.,,AURORA,CO
2130603,MC,742133,A & D TRUCKING ENTERPRISES LLC,,NORTHGLENN,CO
2499352,MC,1179451,A & D TRUCKING LLC,,EVANS,CO
2986801,MC,17027,A & D TRUCKING LLC,,AURORA,CO
2944180,MC,996275,A & D WELDING INC,K2 BRIDGE SERVICES INC,GRAND JUNCTION,CO
3223563,MC,1044676,A & E SHIPPING,,AURORA,CO
2844404,MC,953333,"A & E TRANSPORT, LLC",,GRAND JCT,CO
3851130,MC,1403770,A & E TRANZ LLC,,DENVER,CO
2301745,MC,785838,A & E TRUCKING LLC,,CENTENNIAL,CO
2381716,MC,823958,A & E TRUCKING LLP,,BRIGHTON,CO
637591,MC,429372,"A & E TRUCKING, INC.",,NORTHGLENN,CO
2398229,MC,824622,A & ER TRANSPORT LLC,,COMMERCE CITY,CO
2791008,MC,930957,A & G EXPRESS LLC,A&G EXPRESS,AURORA,CO
3761268,MC,1339128,A & G TRUCKING LLC,,DENVER,CO
1963741,MC,695983,A & H CARRIERS INC,,DENVER,CO
2213847,MC,200955,"A & H TRANSPORTATION BROKERS, INC.",,DENVER,CO
2992227,MC,31771,A & H TRANSPORTATION LLC,,AURORA,CO
3849383,MC,1402598,A & I DELIVERIES INC,,DENVER,CO
3082440,MC,67409,A & I TRANSPORT LLC,,DENVER,CO
3075592,MC,63691,A & J DELIVERY EXPRESS,,THORNTON,CO
,MC,484976,A & J KEELINE TRUCKING INC,,CALHAN,CO
3189130,MC,1373137,A & J LOGISTICS CORP,,ARVADA,CO
2041044,MC,715893,A & J TRANSPORT INC,,SAGUACHE,CO
3481172OOS,MC,1144261,A & J TRANSPORTATION LLC,,NORTHGLENN,CO
1992458,MC,704448,A & J TRUCKING LLC,,STEAMBOAT SPRINGS,CO
886058,MC,386207,"A & J TRUCKING, INC.",,HENDERSON,CO
228319,MC,165620,"A & J TRUCKING, INC.",,DENVER,CO
,MC,880972,A & K LLC,,AURORA,CO
3559767,MC,1195181,A & K LOGISTCS LLC,AKL,AURORA,CO
3559767,FF,45293,A & K LOGISTCS LLC,AKL,AURORA,CO
2886452,FF,15542,A & K TRUCKING INC,,CASTLE ROCK,CO
2258050,MC,770581,A & L TRANSPORT LLC,,RIFLE,CO
1807845,MC,759817,A & L TRUCKING LLC,,SILT,CO
2269832,MC,72987,A & M LIVESTOCK LLC,,WELDONA,CO
3216416,MC,1005648,A & M THREADERS INC,,FORT MORGAN,CO
3542164,MC,1183094,A & M TRANSPORT LLC,,CENTER,CO
2475304,MC,1206240,A & M TRUCKING,,ERIE,CO
2894208,MC,972561,A & M TRUCKING LTD,,DENVER,CO
482446,MC,253217,"A & M TRUCKING, LTD",,GREELEY,CO
2537405,MC,882487,A & P EXPRESS LLC,,DENVER,CO
1002850,MC,1309930,A & S GARCIA TRUCKING LLC,,ROGGEN,CO
1780487,MC,649324,A & S SERVICES INC.,,DE BEQUE,CO
3477694,MC,1140302,A & S TRANSPORTATION LLC,,THORNTON,CO
1513872OOS,MC,584491,A & V ENTERPRISE INC,,DENVER,CO
2340918,MC,799340,A & W SPEED HORSES LLC,,WHITEWATER,CO
2221057,MC,226833,"A & W TRANSPORTATION SERVICE, INC.",,AURORA,CO
3284370,MC,1038966,A & W TRUCKING SERVICES LLC,,AURORA,CO
235107,MC,477497,A & W WATER SERVICE INC.,,FORT LUPTON,CO
2143025,MC,755485,A & X TRUCKING INC,,DENVER,CO
3307079,MC,1049841,A & Y TRUCKING SPECIALISTS LLC.,,DENVER,CO
2954518,MC,1100,A & Z TRANSPRO LLC,AZ TRANSPORT,GREELEY,CO
3482464,MC,1143425,A &T LLC,,DENVER,CO
,MC,664721,A 1 RELIABLE DELIVERY LLC,,THORNTON,CO
,MC,75965,A 2 Z TRANSPORT,,GREELEY,CO
,FF,24438,A 2 Z TRANSPORT,,GREELEY,CO
4002938,MC,1504975,A 3 MAJORS SERVICES LLC,,LAKEWOOD,CO
1830856,MC,517181,A A COLORADO BLUE MOUNTAIN EXPRESS LLC,,DENVER,CO
2812723,MC,937792,A A K TRANSPORT LLC,,BRIGHTON,CO
2407593,MC,828397,A ACCESS AIRPORT LIMO SERVICE INC,,AURORA,CO
,MC,971513,A AND A TRUCKING LLC,A&A TRUCKING LLC,PARACHUTE,CO
2086642,MC,960989,A AND B HILL RANCH INC,,BRIGGSDALE,CO
2382942,MC,818566,"A AND B REYNOLDS TRUCKING, LLC",,BAYFIELD,CO
2944289,FF,17194,A AND M CONSULTANT LLC,,AURORA,CO
2944289,MC,996330,A AND M CONSULTANT LLC,,AURORA,CO
4116238,MC,1640513,A AND M TRUCKING INC,,BRUSH,CO
3639071,MC,1249745,A BANUELOS TRUCKING LLC,,WESTMINSTER,CO
,MC,1103898,A BEST SERVICES 247 LLC,,DENVER,CO
2936693,MC,992426,A BETTER COMPUTER COMPANY LLC,A BETTER CHOICE SHIPPING,COLORADO SPGS,CO
1677022,MC,857880,A BETTER MOVE LLC,,AURORA,CO
602939,MC,291163,A BETTER MOVER INC.,,DENVER,CO
3148668,MC,103582,A BLAKE GOLF ENTERPRISES,,FORT MORGAN,CO
2443223,MC,842063,A CAPITOL CITY LIMO SERVICE LLC,,DENVER,CO
,FF,36447,A CASTANON G TRUCKING LLC,,DENVER,CO
3124942,MC,90021,A CINCH TOWING LLC,,AURORA,CO
1796825,MC,1375901,A CONCRETE INC,,JOHNSTOWN,CO
3048485,MC,54491,A CUT ABOVE TOWING & RECOVERY CORP,ENGLE TOWING,LOVELAND,CO
3712376,MC,1303410,A D A TRANSPORT LLC,,THORNTON,CO
2099791,MC,732387,A D D TRUCKING LLC,,BROOMFIELD,CO
2060014,MC,720854,A D O TRANSPORT INC,,LITTLETON,CO
2578076,MC,909347,A DIAMOND LLC,,WESTMINSTER,CO
1275715,MC,497883,"A DISCOUNT MOVING & STORAGE, INC",,AURORA,CO
1917120,MC,686602,A DYNAMITE TOWING INC,,AURORA,CO
3469305,MC,1135053,A E F TRUCKING LLC,,BRIGHTON,CO
2213312,MC,187497,"A F S ENTERPRISES, INC.",,WHEAT RIDGE,CO
883454,MC,704585,A GONZALEZ TRUCKING LLC,,AURORA,CO
1784988,MC,867345,A GOOD MOVING COMPANY,,AULT,CO
1784988,MC,867346,A GOOD MOVING COMPANY,,FORT COLLINS,CO
3799075,MC,1366687,A GOODWIN EN ROUTE LOGISTICS,A G EN ROUTE LOGISTICS,GREENWOOD VLG,CO
,MC,996087,A GREAT DANE 87 LLC,,LITTLETON,CO
,FF,17175,A GREAT DANE 87 LLC,,LITTLETON,CO
2728072,MC,924371,A GREAT HAULER,,ELIZABETH,CO
3337455,FF,34868,A GREAT WAY TO SHIP,,ARVADA,CO
1677015,MC,616423,A J'S TRUCKING LLC,,LITTLETON,CO
2971733,MC,845455,A KING RIDE LLC,,AURORA,CO
,MC,808346,A L GILBERT,FORT COLLINS FEED,JOHNSTOWN,CO
681369,MC,669743,A L HALVERSON TRUCKING LLC,,LOG LANE VILLAGE,CO
2476611,MC,944965,A L TRUCKING LLC,,BRIGHTON,CO
3496872,MC,1152765,A LA CARTE DELIVERY LLC,,DENVER,CO
3770560,MC,1345777,A M A TRUCKING LLC,,EVANS,CO
3645322,MC,1272838,A M TRANSPORT INC,,AURORA,CO
1134686,MC,580263,A MAN WITH A VAN INC,,DENVER,CO
3935341,MC,1459853,A MEACHELLE BRAZELL COMPANY LLC,A NOBLE STEED DELIVERY AND TRANSPORT,DENVER,CO
3239264,MC,1171442,A MOVERS TOUCH LTD,,WHEAT RIDGE,CO
2296247,MC,784078,A N A TRANSPORTATION INC,,DENVER,CO
1450278,MC,715465,"A N J FARMS, LLC",,ELIZABETH,CO
1242095,MC,593464,A NEW BEGINNINGS MOVING AND STORAGE,,LITTLETON,CO
1242095,MC,502570,A NEW BEGINNINGS MOVING AND STORAGE INC,,LITTLETON,CO
3137856,MC,97198,A O TRANSPORTATION LLC,,DENVER,CO
3564978,MC,1198765,A PERFECT HAUL TRANSPORT LLC,,BENNETT,CO
3545647,MC,1206821,A PLUS DELIVERED,,DENVER,CO
3555564,MC,1192306,A PLUS EXPRESS LLC,,FORT MORGAN,CO
2602897,MC,916352,A PLUS RECOVERY & TOWING LLC,,CRAIG,CO
1883945,MC,679148,A PLUS SPECIALTY SERVICES LLC,,FT COLLINS,CO
2453521,MC,1051120,A PROFESSIONAL INSTALLATION INC,,THORNTON,CO
3892258,MC,1431339,A QUICK FIX LOGISTICS LLC,,AURORA,CO
3202675OOS,MC,1242108,A R L TRUCKING LLC,,FORT LUPTON,CO
3008266,MC,49655,A R LOGISTICS,,COLORADO SPGS,CO
970482,MC,849611,A RIDE & JOY TRANSPORTATION LLC,,COMMERCE CITY,CO
2988232,MC,17703,A RIDE IN LUXURY INC,,COLORADO SPRINGS,CO
,FF,36664,A ROOFING SOLUTIONS LLC,,COLORADO SPGS,CO
3572003OOS,MC,1064305,A S TRANSPORTATION INC,,AURORA,CO
,FF,5906,A SMART MOVE LLC,,GREENWOOD VILLAGE,CO
,MC,503128,"A SMART MOVE, LLC",,ENGLEWOOD,CO
1340757,MC,511186,"A SMART MOVE, LLC",A SMART MOVE,GREENWOOD VILLAGE,CO
4015233,MC,1512981,A SQUARED DELIVERIES LLC,A SQUARED DELIVERIES,DENVER,CO
2971736,MC,843097,A STEP ABOVE LIMO SERVICE LLC,,AURORA,CO
3801853,MC,1368747,A T  FREIGHT LLC,,BRIGHTON,CO
942346,MC,581654,A T S LLC,,MORRISON,CO
2986564,MC,16893,A T TRANSPORT INC,,AURORA,CO
2424774,MC,835785,A TAPIA TRUCKING INC,,EVANS,CO
3030261,MC,1008627,A TARIN TRUCKING LLC,,DENVER,CO
4126638,MC,1579349,A TERRAZAS TRUCKING LLC,,EVANS,CO
3114537,MC,91670,A THRU Z TRANSPORT LLC,,GREELEY,CO
3588271,MC,1214474,A TO B MOVERS INC,A TO B MOVERS,RIFLE,CO
2228522,MC,419493,"A TO Z FREIGHT COMPANY, INC.",,COLORADO SPRINGS,CO
4001423,MC,1503994,A TO Z LOGISTICS,,NORTHGLENN,CO
3465887,MC,1132864,A TO Z TRANSPORT LLC,,FRUITA,CO
660521,MC,309482,"A TO ZIPPITY TRANSPORT, INC.",,CASCADE,CO
1391756OOS,MC,666173,A TOUCH OF CLASS COLLISION LLC,,DENVER,CO
2480645,MC,875365,A TOUCH OF CLASS LIMOUSINE SERVICE LLC,,IDALIA,CO
4165919,MC,1601546,A TRANSPORT COMPANY LLC,,MEAD,CO
3486982,MC,1394927,A TRANSPORT LLC,,DENVER,CO
3414929,MC,1353449,A TRUCKING INC,,COLORADO SPRINGS,CO
2078576,MC,750173,A TRUCKING LLC,,COLORADO SPRINGS,CO
4176989,MC,1607551,A UNIVERSAL TRANSPORT LLC,,ARVADA,CO
3809569,MC,1374261,A WALLACE EXPRESS LLC,,AURORA,CO
3529245,MC,1174330,A Y DELIVERIES,,DENVER,CO
3746748,MC,1328442,A&A DELIVERY LLC,,AURORA,CO
4225649,MC,1633970,A&A FLEET SERVICES LLC,,DENVER,CO
2431631,MC,1091680,A&A HAULING LLC,,DENVER,CO
3179019,MC,124742,A&A INTERSTATE TRUCKING LLC,,AURORA,CO
3614403,MC,1232250,A&A TRANSPORT LLC,,FIRESTONE,CO
2899427,MC,103115,A&A TRANSPORTING LLC,,FT LUPTON,CO
3340478,MC,1066113,A&A TRUCKING LTD,,WHEAT RIDGE,CO
3196538,MC,152591,A&A UNLIMITED INC,,DENVER,CO
3160148,MC,110298,A&AB TRUCKING LLC,,CENTENNIAL,CO
3433049,MC,1112863,A&B DELIVERIES LLC,,DENVER,CO
4115126,MC,1572662,A&B TRANSPORT LLC,,DENVER,CO
3787533OOS,MC,1369748,A&B-TRUCKING LLC,,DENVER,CO
1809388,MC,932596,A&C TOWING LLC,,FT LUPTON,CO
2016664,MC,710134,A&C TRUCKING LLC,,HOLLY,CO
3082156,MC,67249,A&D TRANSPORT LLC,,NORTHGLENN,CO
3250273,MC,1022737,A&D TRANSPORTATION LLC,,DENVER,CO
152603,MC,139483,"A&D TRUCKING, LLC",,STERLING,CO
,MC,1103005,A&E CONCRETE DESIGN LLC,,THORNTON,CO
3596502,MC,1220067,A&E DELIVERY SERVICES LLC,,AURORA,CO
2986332,MC,16778,A&E ENTERPRISE LLC,,AURORA,CO
3843644,MC,1398639,A&E GENERAL CONTRACTORS LLC,,LAKEWOOD,CO
3860052,MC,1409806,A&E LOGISTICS LLC,,FIRESTONE,CO
3709642,MC,1301388,A&E TRANSPORT LLC,,THORNTON,CO
4194878,MC,1617243,A&E TRANSPORT LLC,,FOUNTAIN,CO
2822337,MC,941337,A&E TRANSPORT SOLUTIONS,READY 2 ROLL,AURORA,CO
3215372OOS,MC,1005100,A&E TRANSPORTATION LLC,,LAKEWOOD,CO
3543592,MC,1221302,A&G SERVICES,,FIRESTONE,CO
4112505,FF,61096,A&H  TOWING  LLC,A&H TOWING LLC,CENTENNIAL,CO
2479564OOS,MC,857998,A&H LIMO CORPORATION,,AURORA,CO
3395552,MC,1092045,A&J LOGISTICS LLC,,AURORA,CO
2309977,MC,788642,A&J TRANSPORT INC,,GRAND JUNCTION,CO
2897934,MC,975825,A&J TRUCKING LLC,,AURORA,CO
3491787,MC,1162007,A&K TRANSPORTS,,AURORA,CO
1419051,MC,536882,A&L AIRPORT SHUTTLE LLC,,DENVER,CO
3577940,MC,1207541,A&L CHILDERS LLC,,THORNTON,CO
3440504OOS,MC,1117268,A&L TRUCKING LLC,,STERLING,CO
,MC,53661,A&L TRUCKING SERVICES LLC,,DENVER,CO
,FF,22437,A&L TRUCKING SERVICES LLC,,DENVER,CO
3058191,MC,1369667,A&L TRUCKING SERVICES LLC,,DENVER,CO
3294803,MC,1043941,A&M DELIVERIES LLC,,DENVER,CO
545401,MC,269996,A&M FARMS TRUCKING LLC,,80822-9301 JOES,CO
3401411,MC,1094912,A&M HAULING LTD,,COMMERCE CITY,CO
3395750,FF,37160,A&M HAULING LTD,,COMMERCE CITY,CO
3648254,MC,1256500,A&M LO TRANSPORT LLC,,BRUSH,CO
4152068,MC,1594118,A&M TOWING,,LAFAYETTE,CO
4174339,MC,1606145,A&M TRANSPORT,,SAN LUIS,CO
2841881,MC,61249,A&M TRANSPORT LLC,,NORTHGLENN,CO
3764269OOS,MC,1341319,A&M TRANSPORTATION LLC,,WINDSOR,CO
776983,MC,791166,A&M TRANSPORTATION LLC,,GRAND JUNCTION,CO
278827,MC,188362,"A&M TRUCKING, INC.",,DENVER,CO
2456338,MC,849111,A&P TRANSPORTS,,COLORADO SPRINGS,CO
3110873,MC,82630,A&R DELIVERIES INC,,DENVER,CO
3749151,MC,1330209,A&R TRANSPORTATION LOGISTICS LLC,,COLORADO SPGS,CO
3639955,MC,1250365,A&R TRUCKING LLC,,CENTER,CO
3391433,MC,1090040,A&RL LLC,,COMMERCE CITY,CO
3569303,MC,1201753,A&S EXPEDITED LLC,ROAD DIAMOND EXPRESS,AURORA,CO
3453213,MC,1124835,A&S TRANSPORT LLC,,80603 LOCHBUIE,CO
4236402,MC,1639821,A&S TRANSPORTATION,,DENVER,CO
1119423,MC,460774,A&T TRUCKING LLC.,ENZO EXPRESS,COMMERCE CITY,CO
3619418,MC,1235766,A&U ENTERPRISES INCORPORATED LLC,,NORTHGLENN,CO
,FF,48409,A&U ENTERPRISES INCORPORATED LLC,,NORTHGLENN,CO
3437476,MC,1115487,A&V FLEET SERVICES,,COMMERCE CITY,CO
3569409,MC,1201825,A&V TRANSPORT,,COMMERCE CITY,CO
3526912,FF,43554,A&V TRUCKING LLC,,AURORA,CO
3526912,MC,1172694,A&V TRUCKING LLC,,AURORA,CO
,MC,1109933,A&X TRUCKING LLC,,EVANS,CO
1751194,MC,773203,A&Y DELIVERY SERVICES LLC,,DENVER,CO
4047749,MC,1533126,A&Y MOVING LLC,,CENTENNIAL,CO
4175555,MC,1606805,A&Z TRANSPORT LLC,,GREELEY,CO
3294769,MC,1043929,A&Z TRUCKING LLC,,SEVERANCE,CO
3972926,MC,1485165,A+ TOWING LLC,,AURORA,CO
2477971,MC,857310,A+ TRANSPORTATION LTD,,DENVER,CO
3605318,MC,1458373,A+ WAREHOUSE LLC,,DENVER,CO
4018198,MC,1514859,A+EE CARRIERS LLC,,AURORA,CO
1959666,MC,597513,"A- TRANS SHUTTLE & LIMOUSINE, LLC.",,AURORA,CO
1626812,MC,600306,"A-1 AUTOMATICS, INC",A-1 AUTOMATICS & TOWING,TRINIDAD,CO
,MC,964734,A-1 DELIVERY SERVICE LLC,,DENVER,CO
2843352,MC,957258,"A-1 REPOSSESSIONS, LLC",,DELTA,CO
725813,MC,792115,"A-1 TOWING, INC",,LAMAR,CO
875292,MC,382951,"A-1 TRANSPORTATION, INC.",,AUSTIN,CO
456428OOS,MC,225167,"A-ALLIANCE MOVING & STORAGE, INC.",,DENVER,CO
2834256,FF,14397,A-AMERICAN FREIGHT LLC,TRANSPORT FREIGHT LOCALLY IN COLORADO AND AROUND TOWN,THORNTON,CO
1136635,MC,461393,A-BELL MOVING AND STORAGE SOLUTIONS INC.,,WESTMINSTER,CO
279663,MC,181887,"A-C MCJUNKINS, INC.",,STRASBURG,CO
3687676,MC,1285244,A-JOB INC,,COLORADO SPRINGS,CO
2547325,MC,1122752,A-KWIK TOW LLC,,COLORADO SPRINGS,CO
2382202,MC,25989,"A-LEGEND TRUCKING, INC.",,BRIGHTON,CO
1197786,MC,477952,A-PERSTIGE RELOCATION LLC,,DENVER,CO
887095,MC,637719,A-PLUS CONSTRUCTION CO,,FRANKTOWN,CO
1215314,MC,780321,A-SKYBOOM CRANE SERVICE INC,DEDICATED FREIGHT TRUCKING,ARVADA,CO
1965574,MC,696386,A-STAR MOVERS INC,,FORT COLLINS,CO
2971744,MC,869419,A-Z LIMO SERVICE LLC,,DENVER,CO
3076146,MC,64010,A-Z TRANSPORT LLC,,DENVER,CO
,MC,259982,"A. BLASI AND SON TRUCKING & EARTHMOVING, LLC",,TRINIDAD,CO
164646,MC,141544,"A. CORTESE, INC.",,PUEBLO,CO
,MC,225426,"A. CORTESE, INC.",,PUEBLO,CO
175984,MC,106887,A. D. RAY TRUCKING,NORTHWESTERN COLORADO PIPE & STORAGE CO.,CRAIG,CO
679766,MC,313694,"A. D. TRANSPORTATION, INC.",,WESTMINSTER,CO
1594534,MC,196115,A. J. MURRAY,C & M TRUCKING CO.,DURANGO,CO
583040,MC,283132,A. J. OLSON,OLSON MILLWRIGHT SERVICE,KEENESBURG,CO
272574,MC,345471,A. JACK HAMILTON INC.,,CORTEZ,CO
848896,MC,374701,"A. S. HORNER CONSTRUCTION CO., INC.",,ENGLEWOOD,CO
,MC,192166,"A. W. T. EQUIPMENT, INC.",,GREELEY,CO
,MC,1066713,A. WILSON TRUCKING LLC,,PLATTEVILLE,CO
779878,MC,349076,"A.G. & SONS TRUCKING, INC.",,BRIGHTON,CO
2798712,MC,942255,A.I.A TRUCKING LLC,,BRIGHTON,CO
1928045,MC,689159,A.I.P TRANSPORT LLC,,THORNTON,CO
3730990,MC,1317030,A.L.S TRANSPORT LLC,,LOCHBUIE,CO
798971,MC,362722,"A.R.T. TRANSPORT, INC.",,ALAMOSA,CO
1744235OOS,MC,640821,"A.T.O.S., LLC",,DENVER,CO
2411005OOS,MC,900027,A1 EXPRESS LLC,,AURORA,CO
3320836,MC,1056640,A1 GARCIA'S TRANSPORT,,COMMERCE CITY,CO
2840792,MC,951318,"A1 LOGISTICS, LLC",,DENVER,CO
3501115OOS,MC,1155620,A1 MOVERS LLC,,ARVADA,CO
4083423,MC,1554018,A1 TRANSPORT LLC,,DENVER,CO
3949286,MC,1469219,A10 LOGISTICS INC,,LONE TREE,CO
3055222,MC,51995,A1A CARGO TRANSPORT,,FOUNTAIN,CO
3563314,MC,1197577,A1A TRANSPORT LLC,,COLORADO SPRINGS,CO
4096207,MC,1561595,A1EXPRESSDELIVERYLLC,,COLORADO SPGS,CO
4106795,MC,1567775,A2B CONTRACTS LLC,,DENVER,CO
2468985,MC,846727,A2B LOGISTIC SERVICES LLC,,FORT COLLINS,CO
3586883,MC,1213540,A2K PLATINUM TRUCKING LLC,,FOUNTAIN,CO
3971828,MC,1484386,A2Z AUTO BROKER LLC,,AURORA,CO
3971828,FF,57168,A2Z AUTO BROKER LLC,,AURORA,CO
4163169,MC,1600126,A2Z AUTO TRANSPORTATION LLC,,COMMERCE CITY,CO
2321476,MC,792470,AA DENVER EXPRESS LLC,AA DENVER EXPRESS,DENVER,CO
1209784,MC,489419,AA EXPRESS INC,,DENVER,CO
2047170,MC,717468,AA EXPRESS LLC,,AURORA,CO
1496489,MC,562524,"AA LIMOUSINES, INC.",AA LIMOS,JOHNSTOWN,CO
3408369OOS,MC,1098304,AA LLC,,AURORA,CO
3586654,MC,1213383,AA TRANSPORTATION LLC,,AURORA,CO
2787512,MC,929763,AA TRUCKING COMPANY LLC,,AURORA,CO
3681390,MC,1280640,AA TRUCKING LLC,,JOHNSTOWN,CO
,FF,23407,AAA  BLANKET COVERAGE,,GREENWOOD VLG,CO
1556077,MC,577602,AAA ACCESS COLORADO SHUTTLE INC,#1 + A + ACCESS COLORADO TRANSPORTATION,AURORA,CO
1617598,MC,597762,AAA AFFORDABLE BUSES INC,,AURORA,CO
3544179,MC,1184483,AAA CAR SERVICES LLC,,AURORA,CO
455289,MC,245577,"AAA EXPRESS AIR DELIVERY, INC.",,THORNTON,CO
672643,MC,567888,AAA EXPRESS INC,,COLORADO SPRINGS,CO
,MC,908590,AAA EXPRESS TRANSPORTATION,,COLORADO SPRINGS,CO
2590295,MC,908525,AAA EXPRESS TRANSPORTATION INC,,COLO SPRINGS,CO
2545907,MC,886277,AAA LTD,,COLORADO SPRINGS,CO
1148818,MC,507648,AAA MOBILE SERVICE LLC,,DELTA,CO
3552311,MC,1190142,AAA OF COLORADO SPRINGS LLC,,COLORADO SPGS,CO
3734116,MC,1319291,AAA THREE GENERATIONS LLC,,FORT LUPTON,CO
,MC,1409777,AAA TOWING LLC,,KIT CARSON,CO
2212777,MC,175569,"AAA TRANSPORT, INC.",,ARVADA,CO
2264125,MC,789682,AAA TRANSPORTATION CORP,,AURORA,CO
3075874,MC,63846,AAA TRANSPORTATION LLC,DURANGO RIVERTRIPPERS & ADVENTURE TOURS,DURANGO,CO
,MC,164247,"AAA TRANSPORTATION, INC.",,AURORA,CO
2243497,MC,664391,AAA TRUCKING CO LLC,,CENTENNIAL,CO
2452297,MC,847099,AAAZ DIA LIMO EXPRESS LLC,,AURORA,CO
3317466,MC,1112513,AACH&H FAMILY TRUCKING LLC,,AURORA,CO
,MC,855112,AADVANCED LIMO LLC,,AURORA,CO
3530779,MC,1175356,AAG LOGISTICS LLC,,FORT MORGAN,CO
3481865,MC,1142996,AAH TRUCKING  INC,,DENVER,CO
3884824,MC,1426412,AAI LOGISTICS LLC,,DENVER,CO
2380639,MC,817580,AAJ INSTALLS LLC,,FT COLLINS,CO
1611472OOS,MC,636391,AALL PROMOVERS INC,A-MOVINGCO AND STARVING MOVERS OF COLO,DENVER,CO
676170,MC,314435,"AALTA TRANSPORTATION, LLC",AALTA TRANSPORTATION,AVON,CO
966981,MC,1231974,AAM'S MILD TO WILD RAFTING INC,MILD TO WILD RAFTING,DURANGO,CO
3422809OOS,MC,1106897,AANDJTRUCKING LLC,,ENGLEWOOD,CO
3982971,MC,1491872,AANN OT TRANSPORT,,LONGMONT,CO
3139937,MC,98436,AAR CONCRETE LLC,,THORNTON,CO
3358843,MC,1075236,AAR TRANSPORT LLC,,AURORA,CO
,MC,439437,AARON  METZLER  TRUCKING  LLC,,OTIS,CO
658546,MC,305779,AARON A. BENAVIDEZ,AARON'S MOVING SERVICE,IGNACIO,CO
736712,MC,336056,AARON K. PALMER,PALMER BROS. TRUCKING,ALAMOSA,CO
,MC,1025206,AARON L GEBAUER,AARON GEBAUER FARMS,OTIS,CO
1032256,MC,1025205,AARON L GEBAUER,AARON GEBAUER FARMS,OTIS,CO
1206147,MC,479453,AARON LOWRY,EAGLE TRANSPORT,LOVELAND,CO
164637,MC,143608,AARON N. MILLER MOVING & STORAGE,,DENVER,CO
1683586,MC,618586,AARON R ELLIOTT,AARON'S TOWING AND RECOVERY,WESTMINSTER,CO
3542584,MC,1183355,AARON TRANSPORT LLC,,AURORA,CO
,FF,44386,AARON TRANSPORT LLC,,AURORA,CO
1683586,MC,618585,AARON'S TOWING AND RECOVERY,,WESTMINSTER,CO
,MC,1098778,AARONS TRUCKING LLC,,LONGMONT,CO
,FF,24164,AARONS TRUCKING LLC,,LONGMONT,CO
3550196,MC,1188710,AAS HOTSHOT PART DEUX LLC,,GREELEY,CO
2922419,MC,985793,AB AND SONS TRANSPORT LLC,,WESTMINSTER,CO
3435167,MC,1114093,AB CONCRETE LLC,,PUEBLO,CO
4094818,MC,1560738,AB GROSSMAN INC,,PUEBLO WEST,CO
,MC,858733,AB LIMO SERVICE LLC,,DENVER,CO
2988033,MC,17589,AB TRANS LLC,AB TRANS,AURORA,CO
,FF,26636,AB TRANSPORT,,COMMERCE CITY,CO
2204830,MC,765032,AB TRANSPORT LLC,,AURORA,CO
3709697,MC,1301455,AB TRUCKING LLC,,LAMAR,CO
2974534,MC,1360699,AB UNDERGROUND,,LA SALLE,CO
2974534,MC,1360755,AB UNDERGROUND LLC,,LA SALLE,CO
3989853OOS,MC,1496441,ABA EXPRESS INC,,LITTLETON,CO
3445449,MC,1120164,ABA TRANSPORTATION LLC,,AURORA,CO
3374581,MC,1082383,ABA TRANSPORTATION LLC,,AURORA,CO
1027159,MC,514346,"ABACUS MOVING AND STORAGE, INC.",ABACUS DIVERSIFIED RELOCATION SERVICES,PARKER,CO
2874307,MC,990962,ABACUS PARTNERS LLC,SEAL MASTER,DENVER,CO
1576434,MC,583753,ABBA TRANSPORT LLC,,DENVER,CO
763172,MC,343739,ABBOTT & SONS INC,,LAFAYETTE,CO
682650,MC,321303,"ABBOTT LAND CO., INC.",,KEENESBURG,CO
2567143,MC,896625,ABBOTTS TRUCKING LLC,,FLEMING,CO
4158753,MC,1597844,ABBYS TOWING AND RECOVERY,,COLORADO SPRINGS,CO
3336932OOS,MC,1064338,ABC AUTO CENTER,,DENVER,CO
553883,MC,190873,"ABC CARRIER, INC.","DENVER EXPRESS SHUTTLE, INC.",AURORA,CO
2910653,MC,980540,"ABC DELIVERY, INC.",,NORTHGLENN,CO
3991586OOS,MC,1497575,ABC EXPRESS INC,,DENVER,CO
4195937,MC,1617806,ABC TRANSPORT LLC,,PARKER,CO
3737572,MC,1321795,ABC TRANSPORT SERVICE LLC,,AURORA,CO
2970079,MC,58778,ABC TRUCKING LLC,,WATKINS,CO
2971763,MC,862973,ABDELAZIZ JOUMAL,DENVER STAR LIMO,DENVER,CO
2407201,MC,828736,ABDIRAHMAN GISHU,VIP LIMO,DENVER,CO
2472026,MC,854835,ABDULLAHI MUSE KIBAR SR.,YASMIN LIMO EXPRESS,DENVER,CO
2373724,MC,814578,ABE LIMOUSINE EXPRESS LLC,,DENVER,CO
2434496,MC,836237,ABE TRANSPORT INC,ADI LIMOUSINE SERVICES,AURORA,CO
2955838,MC,1817,ABEBE  FANTAYE,AFW EXPRESS TRUCKING,DENVER,CO
1496384,MC,598277,ABEL RENTERIA,ABEL & SON'S TRUCKING,THORNTON,CO
1952613,MC,693736,ABELARDO GONZALEZ,ABELARDO IMPORTS,COMMERCE CITY,CO
,MC,1055932,ABERUS LLC,,AURORA,CO
1257064,MC,492309,ABEYTA TRANSPORTATION LLC,,ELIZABETH,CO
3768561OOS,MC,1390100,ABG TRUCKING LLC,,GREELEY,CO
2432553,MC,838647,ABIENTOT LIMO LLC,,AURORA,CO
2213507,MC,192348,"ABJ TRANSPORTATION GROUP, INC.",,ARVADA,CO
3578171,MC,1207706,ABK CARRIERS LLC,,DENVER,CO
2505401,MC,868515,ABK DELIVERY INC,,AURORA,CO
4110042OOS,MC,1569640,ABK TRANSPORTATION LLC,,FORT MORGAN,CO
1467619,MC,655407,ABLE SERVICES INC,ABLE SERVICES,AURORA,CO
3892020,MC,1431185,ABLOGISTICS LLC,,DENVER,CO
1426507,MC,538388,ABOLFAZL ALIKHANI,A-1 AIRPORT EXPRESS,AURORA,CO
3860014,MC,1409779,ABOVE & BEYOND TRANSPORTATION LLC,,GRAND JCT,CO
,MC,867270,ABOVE ALL LIMO SERVICE LLC,,DENVER,CO
4182225,MC,1610432,ABOVE AND BEYOND TOWING & RECOVERY LLC,RECOVERY BROS,GRAND JUNCTION,CO
2355646,MC,813211,ABOVE AVERAGE TRANSPORTATION INC,,PARKER,CO
3842627,MC,1397958,ABOVE THE CLOUDS LOGISTICS LLC,,LAKE GEORGE,CO
,MC,1095184,ABOVE THE REST GARAGE DOOR REPAIR LLC,,COLORADO SPGS,CO
3150379,MC,104510,ABPR INC,AVON RIDE,AVON,CO
3176825,MC,122988,ABR TRANSPORT LLC,,YUMA,CO
637470,MC,529917,ABRAHAM B CHAPMAN,CHAPMAN TRUCKING,BENNETT,CO
,MC,878454,ABRAHAM S. TADESSE,ABRAHAM TADESSE,DENVER,CO
2392067OOS,MC,822253,ABSALUTE TRANSPORT LLC,,COLORADO SPRINGS,CO
,MC,883833,ABSOLUTE CARS & LIMOUSINE SERVICE LLC,,AURORA,CO
,MC,884337,ABSOLUTE LIMO SERVICE INC,,DENVER,CO
2223767,MC,332559,"ABSOLUTE LOGISTICS , LLC",,GREENWOOD VILLAGE,CO
1680104OOS,MC,617425,ABSOLUTE MOVING & DELIVERY LLC,,NORTHGLENN,CO
,MC,660712,ABSOLUTE PRESTIGE LIMOUSINE SERVICE LTD,,LOMA,CO
706325,MC,313309,"ABSOLUTE TRANSPORT, LLC",,ARVADA,CO
3720997,MC,1315776,ABT TRUCKING LLC,,DENVER,CO
,MC,1334001,ABTRANSPORT LLC,,HENDERSON,CO
,MC,887134,ABUBAKER OMAR,ACE LIMOUSINE,DENVER,CO
753611,MC,341002,ABUE EUGENE ANAYA,ANAYA TRANSPORT,ANTONITO,CO
3914050,MC,1619031,ABUSHE TRUCKING EXPRESS LLC,,AURORA,CO
,MC,1445753,ABUSHE TRUCKING EXPRESS LLC,,AURORA,CO
3738406,MC,1322383,ABUWESAM TRANSPORTATION LLC,,AURORA,CO
2226886,MC,392141,ABX LOGISTICS (USA) INC.,,AURORA,CO
4100134,MC,1563886,AC CASTILLO TRUCKING LLC,,MILLIKEN,CO
3164935OOS,MC,113849,AC DC LIMITED LLC,,DENVER,CO
2177273,MC,756110,AC DELIVERY LLC,,THORNTON,CO
3728888,MC,1315509,AC DELIVERY SERVICE LLC,,THORNTON,CO
,MC,891380,AC TRUCKING LLC,,COLORADO SPRINGS,CO
951501,MC,407830,"AC TRUCKING, INC.",,ARVADA,CO
841587,MC,375945,"AC TRUCKING, INC.",,ARVADA,CO
2918898,MC,984052,AC&C TRUCKING LLC,,AURORA,CO
4221721,MC,1631904,AC-ZOS LLC,AC-ZOS LLC,BROOMFIELD,CO
2200970,MC,763724,ACADEMY TRUCKING LLC,,DENVER,CO
2063351,MC,721756,"ACAPPELLA FREIGHT, LLC",,DENVER,CO
,MC,829844,ACATLAN TRANSPORTATION INC,,DENVER,CO
1687941OOS,MC,620512,ACC EXPRESS LLC,,WESTMINSTER,CO
873632,MC,382853,"ACCELERATED  SERVICES,  LLC.",,PARKER,CO
2214597,MC,221896,"ACCELERATED TRANSPORT SERVICES, LLC",,ARVADA,CO
310319,MC,207742,"ACCENT TRANSPORTS, INC.",,AURORA,CO
1334041,MC,996601,"ACCESS 2 ENTERPRISES, INC.",,WINDSOR,CO
,MC,873367,ACCESS LIMO LLC,,DENVER,CO
3159647,MC,109929,ACCLAIM TRANSPORTATION LLC,,KERSEY,CO
1260727,MC,523350,ACCLERATED FREIGHT LLC.,,GOLDEN,CO
3249932,MC,1022565,ACCORD TRANSPORT LLC,,AURORA,CO
2270482,MC,781122,ACCORD TRANSPORTATION LLC,,AURORA,CO
1084535,MC,449982,"ACCORD TRUCKING, LLC",,AURORA,CO
1083930,MC,763355,ACCURATE CONSTRUCTION & EXCAVATION INC,,GRAND JUNCTION,CO
212456,MC,161797,"ACCURATE DELIVERY SERVICE, INC.",,DENVER,CO
2832060,MC,1509949,ACCURATE GRADING LLC,,CENTENNIAL,CO
,MC,877955,ACCURATE LIMO INC,,AURORA,CO
4136630,MC,1585126,ACCUSTOM BROKERAGE LLC,,AURORA,CO
2978838,MC,13157,ACE 9 LLC,,EATON,CO
2155063,MC,749200,ACE ENERGY SERVICES LLC,,GREELEY,CO
2589674,MC,908184,"ACE EXPRESS COACHES, LLC",,GOLDEN,CO
836670,MC,369846,ACE HAULING INC.,,FAIRPLAY,CO
3725191,MC,1312799,ACE LLC,,AURORA,CO
2928316,MC,988512,ACE LOGISTICS LLC,,AURORA,CO
,FF,47995,ACE TREE CARE INCORPORATED,ACE TREE CARE INCORPORATED,LITTLETON,CO
,MC,151106,"ACE TRUCK LINE, INC.",,AURORA,CO
3890594,MC,1430232,ACE TRUCKING CO. LLC,,DENVER,CO
1458109,MC,788297,ACE TRUCKING LLC,,MEEKER,CO
1166908,MC,468830,"ACE TRUCKING, INC.",,PARKER,CO
284015,MC,184180,"ACE WEST TRUCKING, INC.",,RANGELY,CO
3605464,MC,1226177,ACES DISTRIBUTION LLC,,LAKEWOOD,CO
3780214,MC,1352915,ACEVES EXPRESS LLC,,COMMERCE CITY,CO
2908257,MC,48007,ACEVES TRUCKING LLC,,HENDERSON,CO
2970867,MC,9987,ACHILLES LOGISTICS,,DENVER,CO
3055031,MC,53954,ACJ LOGISTICS LLC,,DENVER,CO
2992533,FF,19314,ACL SERVICES INC,,GRAND JCT,CO
2992533,MC,19764,ACL SERVICES INC,,GRAND JCT,CO
3090332,MC,71621,ACL TRUCKING LLC,,COMMERCE CITY,CO
150312,MC,772857,"ACME DELIVERY SERVICE, INC",ACME DISTRIBUTION,AURORA,CO
,FF,8078,"ACME DELIVERY SERVICE, INC.","ACME DISTRIBUTION CENTERS, INC.",AURORA,CO
,MC,149252,"ACME DELIVERY SERVICE,INC.",,DENVER,CO
150312,MC,121608,"ACME DELIVERY SERVICE,INC.","ACME DISTRIBUTION CENTERS, INC.",AURORA,CO
,FF,32797,ACME ENERGY LOGISTICS LLC,,EVANS,CO
,MC,1040848,ACME ENERGY LOGISTICS LLC,,EVANS,CO
2211702,MC,130621,"ACME TOTAL LOGISTICS, LLC",ACME TOTAL LOGISTICS,DENVER,CO
4193340,MC,1616426,ACN TRUCKING LLC,,HUDSON,CO
,FF,10170,ACOPLO INC.,,GRAND JUNCTION,CO
237361,MC,339245,"ACORN PETROLEUM, INC.",,COLORADO SPRINGS,CO
3399699,MC,1103761,ACOSTA SALDIVAR TRANSPORT LLC,,HENDERSON,CO
2842782,FF,14630,ACOSTA TRUCKING,,AURORA,CO
,MC,957378,"ACOSTA TRUCKING COMPANY, LLC",,AURORA,CO
,FF,14255,ACOUSTICAL HOME SOLUTIONS,,ELIZABETH,CO
3891713,MC,1430978,ACOVA TRUCKING LLC,,BRIGHTON,CO
2462104,MC,850793,ACROSS AMERICA TRANSPORT INC,,DENVER,CO
3437813,MC,1115688,ACROSS THE BOARD TRANSPORT LLC,,MONTROSE,CO
,FF,39506,ACT - ALEX'S CONCRETE TRANSPORT,,AURORA,CO
3602049,MC,1223882,ACTION FREEDOM TRANSPORT LLC,,COMMERCE CITY,CO
210733,MC,165778,"ACTION TRANSFER, INC.",,COMMERCE CITY,CO
1261960OOS,MC,493864,"ACTIVE ENDEAVORS, INC",,DENVER,CO
2415380,MC,831524,ACTIVE EXPRESS & LIMOUSINE LLC,,DENVER,CO
2990541,MC,18784,ACTIVE TRANSPORT CARRIERS LLC,,DENVER,CO
3478895,MC,1282586,ACTIVE TRANSPORTATION AND DELIVERIES LTD,,DENVER GREENWOOD VILLAGE,CO
3988866,MC,1495785,ACTIVE TRUCKING COMPANY LLC,,AURORA,CO
3944035,MC,1465685,ACTIVE XPRESS LOGISTICS LLC,,DENVER,CO
4236082,MC,1639636,AD ASTRA FREIGHT AND LOGISTICS LLC,,DENVER,CO
4041752,MC,1529598,AD LLC,ABEL,AURORA,CO
3929666OOS,MC,1456074,AD TRANSPORTATION INC,,GREENWOOD VLG,CO
,MC,806880,AD TRUCKING LLC,AD TRUCKING,GREELEY,CO
2342072,MC,1120664,AD TRUCKING LLC,AD TRUCKING,GREELEY,CO
4037270,MC,1526850,AD UNITED LOGISTICS LLC,,MONUMENT,CO
2937050,MC,992608,ADA DELIVERY SERVICES LLC,,ENGLEWOOD,CO
3635331,MC,1247077,ADA FAITH TRUCKING COMPANY LLC,ADA FAITH TRUCKING SERVICES,ENGLEWOOD,CO
4211439,MC,1626360,ADA LOGISTICS,ADA TRANSPORTATION,PARKER,CO
,MC,1132656,ADAIR CONSTRUCTION LLC,ADAIR CONSTRUCTION LLC,CANON CITY,CO
3533930,MC,1177470,ADAL LLC,,DENVER,CO
,FF,35785,ADAM BATES LOGISTICS,ADAM BATES LOGISTICS,LITTLETON,CO
3359914,MC,1075779,ADAM BATES LOGISTICS LLC,ABL,LITTLETON,CO
2420375,MC,833620,ADAM CHISZAR,INTRASTATE TRANSPORTATION,LOUISVILLE,CO
,FF,11697,ADAM CHISZAR,INTRASTATE TRANSPORTATION,LOUISVILLE,CO
3463841,MC,1131535,ADAM CLARK,CLARK TRUCKING,AKRON,CO
3149625,MC,104083,ADAM GATES,GATES TRUCKING,YUMA,CO
2832602,MC,1137192,ADAM L'S TRUCKING LLC,,FORT LUPTON,CO
1679300,MC,617035,ADAM LEE TRUJILLO,PUZZLED TRANSPORT SERVICES,GYPSUM,CO
3028071,MC,37945,ADAM MOVING,,DENVER,CO
3902846,MC,1438340,ADAM TOWING LLC,ADAM TOWING,FORT MORGAN,CO
2914205,MC,982310,"ADAM TRUCKING, LLC.",,DENVER,CO
,MC,203824,ADAM'S POLISHES,,THORNTON,CO